primary_norm,party_family,dim1,dim2
(ADV.) JOICE GEORGE,Independent,0.0022023186280062043,4.061877082181758e-4
(Dr.) Ram Shankar Katheria,BJP,0.0023514297660374786,0.004064589094728311
(SMT.) RATNA DE(NAG),TMC,0.0024133972269513894,8.811107099523523e-4
A. Chellakumar,INC,0.0027069371328559432,-0.0011151381792349185
A. Ganeshamurthi,DMK,0.0021529387842840458,6.07957269229363e-4
A.K.P. Chinraj,DMK,0.0024562457387627716,8.484354061145007e-4
A.P. JITHENDER REDDY,Regional,0.0023799261775342604,0.002743743172254133
A.T. (NANA) PATIL,BJP,0.0017929864427552026,0.0025455039676326994
ABHISHEK SINGH,BJP,0.0022055966039785085,-0.0017269416815252673
ADHIR RANJAN CHOWDHURY,INC,0.002525150776465256,-0.00786299813204611
ADVOCATE NARENDRA KESHAV SAWAIKAR,BJP,0.0023867527273852235,-0.001297475243250952
AJAY (TENI) MISRA,Regional,0.0020232902752351026,-0.0035848803426019203
AJAY NISHAD,BJP,0.0025244669147587366,1.8094787791285183e-4
ANANDRAO ADSUL,Shiv Sena,0.0020520352405878585,3.3110920311953297e-4
ANANT KUMAR DATTATREYA HEGDE,BJP,0.0023507047751536417,-0.004337264065496559
ANIRUDHAN SAMPATH,Left,0.002128485560856845,-0.0014490611593164888
ANJU BALA,BJP,-0.008980431559179934,0.0016231268291740223
ANOOP MISHRA,BJP,0.0019390216622845113,0.0013091630995164297
ANSHUL VERMA,BJP,0.0024892003753866627,-0.00121431573449254
ANTO ANTONY,INC,-0.0022128696662978608,-2.313606438521315e-4
ANUPAM HAZRA,TMC,-0.0068745398571576416,-4.7977635926742646e-5
ANURAG SINGH THAKUR,BJP,0.0017990709660730653,0.0023388251587297465
ARJUN RAM MEGHWAL,BJP,0.00216903730005375,0.002299884139198378
ARJUNLAL MEENA,BJP,0.001651463787409771,0.00373787499189645
ARVIND GANPAT SAWANT,Shiv Sena,6.827952281126947e-4,-0.0014004801385919727
ASADUDDIN OWAISI,Regional,0.002060685101385367,-0.0012369345489645705
ASHOK MAHADEORAO NETE,BJP,0.0024822577991648956,4.0885588564011253e-4
ASHOK SHANKARRAO CHAVAN,INC,0.0019865099806557506,-5.887833946254511e-4
ASHWINI KUMAR,BJP,0.002214326727719965,-0.001915476505348157
ASHWINI KUMAR CHOUBEY,BJP,0.002122564563824126,-0.011723745474604579
Abdul Khaleque,INC,0.001930513765588047,0.0020433518751474004
Abdul Majeed Ariff,Left,0.0022714090015632737,0.0020918466938893376
Achyutananda Samanta,Regional,0.0021553607288363973,9.264827021611417e-4
Adoor Prakash,INC,0.0022250562933786473,0.003156189384144566
Adv Dean Kuriakose,INC,0.0022872323149698876,0.0044799893433632755
Adv Gowaal Kagada Padavi,INC,0.0024999016814935856,0.004697033250948948
Adv. Adoor Prakash,INC,0.0020446406351529965,0.0030789192296209354
Ajay (Teni) Misra,Regional,0.0023440692585868944,5.613969592219848e-4
Ajay Bhatt,BJP,-0.005861268195976043,0.003360288779829202
Ajay Kumar Mandal,JDU,-0.005672632198375752,-5.10166356833375e-4
Ajay Nishad,BJP,0.0024174120293669753,7.02085521772287e-4
Alok Kumar Suman,JDU,-4.304333511774485e-4,5.213337596962918e-4
Amar Singh,INC,0.0021282151578967553,-0.0017598987623948506
Amol Ramsing Kolhe,NCP,-0.0020191973135622477,9.908958699454427e-5
Anil Firojiya,BJP,0.0022214812171304113,0.001842370649302974
Annasaheb Shankar Jolle,BJP,0.0016937799440135692,-0.003243126213817302
Annpurna Devi,BJP,0.0023401837638438176,-0.001974907142148667
Anto Antony,INC,0.002306708854828453,-0.0018471076283961788
Anubhav Mohanty,Regional,0.0021638203456158345,7.215369639113204e-4
Anumula Revanth Reddy,INC,0.002756520181830148,0.003190871076563208
Anurag Sharma,BJP,0.001408959650584889,0.005129661488411314
Aparajita Sarangi,BJP,0.002211115863948184,0.004328193079345412
Arjunlal Meena,BJP,0.002266410088071774,0.004339048923518906
Arun Kumar Sagar,BJP,0.0015898165452167673,0.00491929803711668
Arun Sao,BJP,0.002368691211203218,0.001984139074820647
Arvind Ganpat Sawant,Shiv Sena,-9.79588792390706e-4,0.002178613863592706
Arvind Kumar Sharma,BJP,0.002202545386325596,0.001131521918971757
Asaduddin Owaisi,Regional,0.0022131397609698048,7.645405979590104e-4
Ashok Kumar Rawat,BJP,0.0022481230278453114,0.004281889205260917
Ashok Mahadeorao Nete,BJP,0.0024510247423290897,0.006109545489862229
B. S. YEDDYURAPPA,BJP,0.0022423799609074917,0.0014846047996376185
B. SREERAMULU,BJP,0.0021543747050299716,3.619012599479849e-5
B.V. NAYAK,INC,0.0020777506664283,0.0026472139209100056
"BAIJAYANT ""JAY"" PANDA",Regional,-5.256314563972125e-4,0.0046195489411348925
BALABHADRA MAJHI,Regional,0.0010044921734335217,0.001892039269271
BALKA SUMAN,Regional,0.0021729804490038854,0.0030548991205753993
BANSHILAL MAHTO,BJP,0.0021709172359256376,2.4661817129475815e-4
BHAGIRATH PRASAD,BJP,0.0025944099400501464,-0.0017095104432534732
BHAIRON PRASAD MISHRA,BJP,0.0022391224727370757,-2.1976781749202058e-4
BHANU PRATAP SINGH VERMA,BJP,-0.0075041782260335645,0.00584579262592631
BHARAT SINGH,BJP,0.0023009952317191123,-5.941631962867527e-4
BHARATI DHIRUBHAI SHIYAL,BJP,0.002435803378417355,0.003397454137431774
BHARTRUHARI MAHTAB,Regional,0.0024290587329843143,-0.0015152564121579115
BHAVANA GAWALI (PATIL),Shiv Sena,0.002142811428943189,-0.0014782065735593007
BHOLA SINGH,BJP,0.0019077526833914903,-0.0038974130719117194
BIDYUT BARAN MAHATO,BJP,-2.648585399808038e-4,0.002557836908497611
BODH SINGH BHAGAT,BJP,0.002398522244383343,-3.0253817112654174e-4
BOORA NARSAIAH GOUD,Regional,0.00212480102347799,0.002504892264389869
Badruddin Ajmal,Regional,0.0017681060502755125,0.004203755591537229
Balashowry Vallabbhaneni,Regional,0.002271217241102609,0.005989109248207684
Balubhau (Alias Suresh Narayan) Dhanorkar,INC,-0.0010237000819196605,-0.0013328213088999094
Basanta Kumar Panda,BJP,0.0015941421659409192,0.00784705778597963
Beesetti Venkata Satyavathi,YSRCP,0.0021928448656063967,0.00849236297376965
Behanan Benny,INC,0.0022959131800562777,0.0017509658937947354
Bhagirath Chaudhary,BJP,2.255726843975653e-4,0.0022677343715185884
Bhagwanth Khuba,BJP,0.0022342453918736344,0.0013885975582375565
Bharti Pravin Pawar,BJP,0.0022586697377272404,0.004640462003746936
Bhartruhari Mahtab,Regional,-0.0019167906269424056,0.0025913844901319376
Bhavana Gawali (Patil),Shiv Sena,-2.982547509453174e-4,0.003926355709763148
Bhola Singh,BJP,0.001909348500598158,0.0015494733578602052
Bidyut Baran Mahato,BJP,-0.0015148467177728984,0.0012403816412332894
Brijendra Singh,BJP,0.002266782985103062,0.001719837850237536
C. N. JAYADEVAN,Left,0.002213349044943422,-0.0016711226309165904
C.N. Annadurai,DMK,0.0021145829617009093,0.0037381967888367325
C.R. CHAUDHARY,BJP,0.0023796026114586252,-9.444532935639407e-5
C.S. PUTTARAJU,Regional,-0.8980194075872031,-7.684841365169897e-4
CH. MALLA REDDY,TDP,0.002185257644877821,0.0029063421758303643
CHANDRA PRAKASH JOSHI,BJP,0.002187746605796247,-5.820351125166402e-4
CHANDRAKANT BHAURAO KHAIRE,Shiv Sena,0.0019239802068896322,-0.0021079390456358563
CHANDRAKANT RAGHUNATH PATIL,Shiv Sena,0.001511969050403731,-8.073845815665781e-4
CHANDU LAL SAHU,BJP,0.0015079218818522823,0.0019750279256447656
CHINTAMAN NAVSHA WANAGA,BJP,0.0021050774104499764,-0.028210006492122425
CHINTAMANI MALVIYA,BJP,0.0016098014743406986,0.0018391987265368953
Chandan Singh,Regional,0.0019473211315403159,-9.385584079291532e-4
Chandeshwar Prasad,JDU,1.2171415844954636e-4,-0.3596925571579887
Chandra Prakash Choudhary,Regional,0.00209317087231529,0.00499752945622167
Chandra Prakash Joshi,BJP,0.0021411905703343907,-0.003943442987978518
Chandra Sekhar Bellana,YSRCP,-0.008324389691511417,0.004039747772477321
Chandra Sekhar Sahu,Regional,0.0020803677328729087,0.003169096306176896
Chinta Anuradha,YSRCP,0.0027629299191671702,0.005630571184437733
Chunni Lal Sahu,BJP,0.0024812093147687465,0.004623854014321711
D. M. Kathir Anand,DMK,-0.0021807460525465716,-0.0036304956101036764
D. Ravikumar,DMK,-4.628528318140598e-4,0.0030317143672209173
D.K. Suresh,INC,0.002545738543631535,-0.0021721555367986583
DALPAT SINGH PARASTE,BJP,0.0025035418948804317,-0.0018913212582329312
DARSHANA VIKRAM JARDOSH,BJP,0.0017828397164963213,-9.425457389339841e-4
DEVAJIBHAI GOVINDBHAI FATEPARA,BJP,0.002543977627896725,-0.002218397236948894
DEVENDRA (ALIAS) BHOLE SINGH SINGH,BJP,0.0019881445890475515,0.002564769921114933
DEVUSINH JESINGBHAI CHAUHAN,BJP,0.0019350255416969925,-4.420756908851191e-4
DHANANJAY BHIMRAO MAHADIK,NCP,6.620445957331555e-4,4.037598279846695e-4
DHARMENDRA YADAV,SP,0.0019382641228044796,0.0013724597190059233
DINESH TRIVEDI,TMC,0.002461838613262988,1.968217779449283e-4
DIPSINH SHANKARSINH RATHOD,BJP,0.0022902427432931593,-0.001179672069088975
DUSHYANT CHAUTALA,Regional,0.0024088752377371147,0.0010632480840705102
DUSHYANT SINGH,BJP,0.002195093929151234,4.714702209348403e-4
Dayakar Pasunoori,Regional,0.0023356016367540667,7.83728530121055e-4
Dean Kuriakose,INC,-0.001961319057399657,0.0028751910506508178
Debasree Chaudhuri,BJP,0.0017674186708789715,-0.024584512259625022
Deepak Baij,INC,2.1063531338178017e-4,-0.1043267807284799
Dhal Singh Bisen,BJP,0.0021249380701785486,0.005500335998264019
Dhanush M Kumar,DMK,-0.0015638917303648847,0.00321354266977252
Dharambir Singh,BJP,0.002227297812242789,-0.001485373889729356
Dharmendra Kumar Kashyap,BJP,0.0021895823853399785,0.004893993871158683
Dileshwar Kamait,JDU,0.001991540102071841,0.0018942554116652024
Dinesh Chandra Yadav,JDU,0.0025127002829952953,-0.005655647257327154
Dipsinh Shankarsinh Rathod,BJP,0.002673842297768091,-8.46889835250074e-4
Diya Kumari,BJP,0.002427555446981499,0.004931920567974586
Dr. Alok Kumar Suman,JDU,0.0021914272166565253,0.005349942721048428
Dr. Amar Singh,INC,0.001686828677161075,0.0032502768475855467
Dr. Amol Ramsing Kolhe,NCP,0.00206549581436361,0.0036497375601962138
Dr. Anand Kumar,BJP,0.0019465792940360676,0.004226762723370027
Dr. BHOLA SINGH,BJP,0.0025577713262088316,-0.0106921933332341
Dr. Bachhav Shobha Dinesh,INC,0.002413842337795532,0.004450048657316164
Dr. Byreddy Shabari,TDP,0.002355733837701175,0.00915167316979123
Dr. C M Ramesh,BJP,0.002347988272276982,0.009042346217972052
Dr. D Ravi Kumar,BJP,-0.001963336353234019,0.001948513555975235
Dr. D. Purandeswari,BJP,0.0023352870838545636,0.0059922662975778855
Dr. Hemang Joshi,BJP,0.0019544691614823946,0.0053174851607026095
Dr. Hemant Vishnu Savara,BJP,-0.001080848436789981,0.005216732974134586
Dr. K Sudhakar,BJP,-8.376333290619296e-4,0.0042431206432837106
Dr. Kadiyam Kavya,INC,0.0015499203248584852,0.005231788867936745
Dr. Kalanidhi Veeraswamy,DMK,0.002050768762804739,0.0026717315668890428
Dr. Kalyan Vaijinathrao Kale,INC,-0.0049933960117374615,5.570338251884008e-4
Dr. Kirsan Namdeo,INC,0.0024871827589371285,-6.608227675108608e-4
Dr. M K Vishnu Prasad,INC,0.0020549462056878953,-0.004588420173098422
Dr. Mallu Ravi,INC,0.002344212643304095,0.0037991757612737265
Dr. Mohammad Jawed,INC,0.002315139844186415,-5.378256798201657e-5
Dr. Nishikant Dubey,BJP,0.0020565077258919763,0.006501145015022246
Dr. Prabha Mallikarjun,INC,-1.3382357783152995e-4,0.004138345030897348
Dr. Pradeep Kumar Panigrahy,BJP,0.0025534731513719468,0.0019998643169511724
Dr. Prashant Yadaorao Padole,INC,-4.047678773930479e-4,1.0447420519276683e-4
Dr. Rajeev Bharadwaj,INC,0.001993196054851512,0.004095412542101955
Dr. Rajesh Mishra,BJP,0.001946843805920593,0.007410756463259461
Dr. Sambit Patra,BJP,0.002589791031567958,0.0021966065014282334
Dr. Sanjay Jaiswal,BJP,0.002241310891287517,0.007858565666754202
Dr. Shashi Tharoor,INC,0.002351213751584872,0.0026310581156412617
Dr. Shivaji Bandappa Kalge,INC,0.0010787199631517904,0.004394654463614929
Dr. Shrikant Eknath Shinde,Shiv Sena,-6.486382194690325e-4,0.004132418547474513
Dr. T Sumathy Alias Thamizhachi Thangapandian,DMK,0.0024712276575687784,0.001175183425090328
Dr. T. Sumathy (a) Thamizhachi Thangapandian,DMK,0.00217043240769385,0.0034061315346093505
Dr. Vinod Kumar Bind,BJP,0.002132695764215483,0.007547041780041348
Dulal Chandra Goswami,JDU,0.0019939779173529138,-0.0032977085580926436
Dushyant Singh,BJP,-0.0013706598914623388,-6.207536108549997e-4
E. T. MOHAMMED BASHEER,Regional,-0.016372420980659615,0.0015815102891637283
E. T. Mohammed Basheer,Regional,0.0024529830753234256,-0.002627854221090344
FAIZAL P.P. MOHAMMED,NCP,0.002276451384575277,-9.719259231583616e-4
FEROZE VARUN GANDHI,INC,0.0018585929758450526,0.0020334754672810883
Faizal P.P. Mohammed,NCP,-0.003754176135629247,-2.943750638710967e-4
Feroze Varun Gandhi,INC,0.00138088368085078,0.0034575507291587327
G. HARI,BJP,0.0021951796271831993,-0.009363076772363556
GAJANAN CHANDRAKANT KIRTIKAR,Shiv Sena,0.0022074768904060543,-0.007375055971953285
GAJENDRA SINGH SHEKHAWAT,BJP,0.0014515335007257027,-0.009102852015956434
GANESH SINGH,BJP,0.0023248611559882207,0.003516669445119473
GAURAV GOGOI,INC,0.0019925764133000936,-2.739521457520575e-5
GEETHA KOTHAPALLI,YSRCP,0.002418020375249593,0.002818419103621036
GOKARAJU GANGA RAJU,BJP,0.0019862455133140312,-0.027380920373964737
GOPAL CHINAYYA SHETTY,BJP,-6.964363483162713e-4,-7.428510858735872e-4
Gaddam Ranjith Reddy,INC,0.002267803165270212,0.006164015168395881
Gajanan Chandrakant Kirtikar,Shiv Sena,0.002128314205077848,3.598118116327961e-4
Gajendra Singh Patel,BJP,0.001864471338029184,0.00752058211518803
Ganesan Selvam,DMK,2.15152452820218e-4,0.0026635749821322485
Ganesh Singh,BJP,0.0017265239868052477,0.0037912209363298375
Gangasandra Siddappa Basavaraj,BJP,0.002436306141428073,-0.0027101300777670244
Gaurav Gogoi,INC,0.002321253113808938,6.464960172207185e-4
Gautham Sigamani Pon,DMK,0.0022949856724997562,9.216101141418305e-5
Geeta Kora,BJP,0.002204826502508927,0.0010363271333609836
Geetha Viswanath Vanga,YSRCP,0.002361422865838302,0.003803699265731658
George Baker,BJP,0.002190078255386494,-0.007667034031926073
Ghanshyam Singh Lodhi,BJP,0.0012039007482669457,0.004797955142424865
Girish Bhalchandra Bapat,BJP,1.204075840189786e-4,0.0017741945384934037
Girish Chandra,BSP,-0.007582548894771899,0.004574325327003616
Goddeti Madhavi,YSRCP,0.002377650541628741,0.012186614991925507
Gomati Sai,BJP,0.002713892880344986,-0.00030540719173295997
Gopal Chinayya Shetty,BJP,0.0021199102037659165,0.0015366967094889998
Gopal Jee Thakur,BJP,-0.002322217108820223,5.268185755626809e-4
Gowdar Mallikarjunappa Siddeshwara,BJP,0.001998565052377857,0.0046236123588547385
Guman Singh Damor,BJP,0.0023680743813986583,0.004739565911430893
Gurjeet Singh Aujla,INC,0.0023252723650216754,-0.004799802649264201
Gyaneshwar Patil,BJP,-0.004872752378755513,0.01059392320899941
H. Vasanthakumar,INC,0.002507898727471817,-0.0023632330441486615
HARI BABU KAMBHAMPATI,BJP,0.0023093062441230062,8.880617391682353e-4
HARI MANJHI,BJP,0.002580280459490586,-0.00775811846613902
HARI NARAYAN RAJBHAR,BJP,0.002286831866436279,0.0021570863030577546
HARI OM PANDEY,BJP,0.0019227402018316697,0.0027710385820595884
HARIOM SINGH RATHORE,BJP,0.0018981967830209998,0.004774318858375938
HARISH CHANDRA MEENA,BJP,0.002560641877749259,6.601274466204215e-4
HARISH DWIVEDI,BJP,0.0023433033797797815,0.002193595777182373
HARISHCHANDRA DEORAM CHAVAN,INC,9.497796739450235e-4,-0.03278826271075585
HEENA VIJAYKUMAR GAVIT,BJP,0.002281151954575956,0.0010817212434256695
HEMAMALINI,BJP,-0.009038916776791006,6.026082727838239e-4
HEMANT TUKARAM GODSE,Shiv Sena,4.896120496921251e-4,0.001707609372315765
HUKUM SINGH,BJP,0.0019831202412771798,-0.00458998020763038
Haji Fazlur Rehman,BSP,0.0025487383101713743,-0.0011075730203722186
Hanuman Beniwal,Regional,0.0020398296102093474,-7.137942864244832e-4
Harish Dwivedi,BJP,0.0020034063513961306,-0.09070265780893669
Hasnain Masoodi,Regional,0.0026431077685692412,0.0012018805058828146
Heena Vijaykumar Gavit,BJP,-0.001794957795943789,0.004130671891981466
Hema Malini,BJP,0.002235533366703669,0.002029459523439774
Hemant Tukaram Godse,Shiv Sena,-0.002112042620381602,0.002213289891321634
Hibi Eden,INC,0.002101704981308906,0.0015084089226639348
Imtiaz Jaleel Syed,Regional,0.002456831422011412,4.480460154777059e-4
J.C. DIVAKAR REDDY,TDP,0.0024300244215539695,0.004521794377413346
JAGDAMBIKA PAL,BJP,-0.0015107591115357986,-0.0016727766689901384
JANAK RAM,BJP,0.002574242839807541,-5.59523541515102e-4
JANARDAN SINGH SIGRIWAL,BJP,8.33636323821794e-4,3.4936126292377283e-4
JAY PRAKASH NARAYAN YADAV,RJD,-0.005131363904773829,2.0218216776547366e-4
JAYADEV GALLA,TDP,0.0020682064763220724,0.002528647069646244
JITENDRA CHAUDHURY,BJP,0.0024092640664402855,0.0037045034413979608
JOSE K. MANI,Regional,0.002231383695215412,-0.0023863211266920235
JUGAL KISHORE SHARMA,BJP,0.001618786841843305,0.005089678030986339
JYOTI DHURVE,BJP,0.0016454485872617977,-8.8218854609109e-4
JYOTIRADITYA MADHAVRAO SCINDIA,INC,-8.559842606177963e-4,7.455170163828123e-4
Jagdambika Pal,BJP,-0.001933161691566721,3.2974666639939954e-4
Jamyang Tsering Namgyal,BJP,0.0021087865237105884,0.002508699357055521
Janardan Mishra,BJP,0.002622463283291861,-0.005598411438353661
Janardan Singh Sigriwal,BJP,0.0022070809163706067,-7.285400119324632e-4
Jasbir Singh Gill,INC,-0.003204940619429888,-0.001084097737985596
Jaskaur Meena,BJP,-1.9797237717873294e-4,0.0041149128617966645
Jayadev Galla,TDP,8.579887301931636e-4,0.004729606525540144
Jayant Sinha,BJP,0.0022605390778693444,0.00765542279824458
Jayanta Kumar Roy,BJP,0.0022818591909623304,0.003934491951028322
Jual Oram,BJP,0.0020738565462292803,0.003584925143698333
Jugal Kishore Sharma,BJP,0.0014037256606655342,0.003584510305984
Jyotirmay Singh Mahato,BJP,0.0017969767878140061,0.0053819161612823
Jyotsna Charandas Mahant,INC,0.0020962104937933945,0.007045065449146328
K. ASHOK KUMAR,BJP,-0.0013233705944190911,-0.002634700326564844
K. C. VENUGOPAL,INC,0.0025345365472985134,-0.0014221833253501963
K. GOPAL,BJP,0.0021965566710291126,9.267545429202387e-4
K. Muraleedharan,INC,-0.001009088522744441,9.629809862134178e-4
K. Shanmuga Sundaram,DMK,-0.003329053853380729,-2.808647297018322e-4
K. Subbarayan,Left,0.002212798537073059,-0.002462042786080509
KALIKESH NARAYAN SINGH DEO,Regional,0.0021890905752276315,0.0023934459934515074
KALYAN BANERJEE,TMC,0.0023164482326099643,-0.0012533533193063947
KAMAL NATH,INC,0.0012001357924310875,0.0042154996905801306
KAMLA DEVI PATLE,BJP,0.0023676373009415227,0.0019444893368465545
KANWAR SINGH TANWAR,BJP,0.002224776263700185,-0.0010502481639018606
KAPIL MORESHWAR PATIL,BJP,0.0025378648383598207,-0.0011604851509530478
KAUSHAL KISHORE,BJP,0.0014258339583834373,6.144892704014108e-4
KAUSHALENDRA KUMAR,Regional,0.0023377395891973833,-0.006795366722529513
KAVITHA KALVAKUNTLA,Regional,0.0024797954449353485,1.1573493684482916e-4
KINJARAPU RAM MOHAN NAIDU,TDP,3.2275928019391683e-4,0.0035283950386094487
KIRIT PREMJIBHAI SOLANKI,BJP,0.002420588057209461,9.306210255720413e-5
KIRIT SOMAIYA,BJP,0.002093753171621255,0.0011873131293817243
KIRRON KHER,BJP,0.002330010235702435,0.0017020146923648037
KIRTI (JHA) AZAD,BJP,0.0016948272571469542,0.002357009276249754
KONAKALLA NARAYANA RAO,TDP,0.0023086956016398377,0.0053464251455028295
KONDA VISHWESHWAR REDDY,Regional,-0.001603259681593654,0.0018334547709250055
KOTHA PRABHAKAR REDDY,Regional,0.002220553498362771,-9.984060188382817e-4
KRISHN PRATAP SINGH,BJP,-0.009206441128969895,0.004056268490690391
KRISHNAN NARAYANASAMY RAMACHANDRAN,INC,0.0025905763794016176,-0.0017429125263005454
KRISTAPPA NIMMALA,TDP,4.6062753860631294e-4,-0.0011884584672823815
KRUPAL BALAJI TUMANE,Shiv Sena,-9.446795053798357e-4,-6.933395159938566e-4
KULAMANI SAMAL,Regional,0.002080963329579033,0.003592617724931116
KUNWAR HARIBANSH SINGH,BJP,0.0023634782418442773,-0.0027785087334016335
KUNWAR PUSHPENDRA SINGH CHANDEL,BJP,0.0015646826963339967,-4.6815047721973744e-5
KURUPPASSERY VARKEY THOMAS,INC,0.0027057863824161096,3.7858976081535644e-4
Kalaben Mohanbhai Delkar,BJP,0.00268782516960718,-0.0040510900632447925
Kalyan Banerjee,TMC,0.0025495876372280905,6.976153890299497e-4
Kanakmal Katara,BJP,4.5589984358404854e-4,0.004985063400991154
Kani K. Navas,Regional,0.0024424047441311304,-9.233061841738369e-4
Kanimozhi Karunanidhi,DMK,0.002422211063514728,0.002378638809397731
Kapil Moreshwar Patil,BJP,0.0025499459288905566,0.0015209282749060386
Karti P. Chidambaram,INC,5.556300803317105e-4,5.226021433643901e-4
Kaushal Kishore,BJP,0.0026623738743798498,0.007346763397435175
Kaushalendra Kumar,JDU,0.002448700633936132,-2.1684605275456756e-4
Kavitha Malothu,Regional,0.0017194210994660626,0.003320770429864332
Keshari Devi Patel,BJP,0.002114272528820843,8.385714062138347e-4
Khagen Murmu,BJP,0.002278983631052526,-3.5270721205278967e-4
Khan Saumitra,BJP,0.0021291488023508403,-3.6981312338445015e-4
Kinjarapu Ram Mohan Naidu,TDP,0.0020710350934731786,0.012722118292318469
Kirit Premjibhai Solanki,BJP,0.002380998447930498,8.276353952973523e-4
Kirron Kher,BJP,0.0016840848040427959,0.004007864294328264
Kishan Kapoor,BJP,0.002096645747306953,0.004668461988151164
Komati Reddy Venkat Reddy,TDP,0.0012927328800279698,0.005279037620250473
Kotagiri Sridhar,YSRCP,0.002432184085276984,4.765052605492034e-4
Kotha Prabhakar Reddy,Regional,0.0023893612302686835,0.004250340240613652
Kripanath Mallah,BJP,0.002105183604594604,0.004175706882038642
Krishna Pal Singh Yadav,BJP,0.001959048265905183,0.005854523132645349
Krupal Balaji Tumane,Shiv Sena,0.0017876645240108631,0.0020439220391755093
Kuldeep Rai Sharma,INC,-0.0030681392190375005,-0.0014595659460814462
Kumbakudi Sudhakaran,INC,-0.005970312130906852,0.0015841706324196576
"Kunhalikutty, P.K.",Regional,0.00246303589272937,0.001933795580233172
Kunwar Danish Ali,INC,0.002087986357201931,0.0019374246028525488
Kuruva Gorantla Madhav,YSRCP,0.0024983462755901603,0.00307244944821621
L.S. Tejasvi Surya,BJP,0.002490532352016997,0.0024916251117562405
LAKHAN LAL SAHU,BJP,0.0023650494812349,0.0022804718160375796
LALLU SINGH,BJP,9.998213627428027e-4,-9.68079001011397e-4
LAXMAN GILUWA,BJP,0.002328008921884548,-0.0013024881296790417
LAXMI NARAYAN YADAV,BJP,0.0012040632787643066,0.0013275530016217815
Lallu Singh,BJP,0.0023974992084379457,1.9021134760707293e-4
Lavu Sri Krishna Devarayalu,YSRCP,-4.4931947037302205e-4,0.0074309610951994965
Locket Chatterjee,BJP,0.002046163980620362,0.003950246006511865
M V V Satyanarayana,YSRCP,-0.0047144303587295195,0.010874820889728869
M. B. RAJESH,Left,0.002391793824140277,-0.0034605841290269892
M. I. SHANAVAS,INC,0.0023211640401650745,-2.510692530829659e-4
M. K. RAGHAVAN,INC,0.002224583434136967,9.239108638602858e-4
M. K. Raghavan,INC,0.002204627780688331,0.003600157565510708
M. Selvaraj,Left,0.0024537468716737494,-4.7320448315607295e-5
M.K. Vishnu Prasad,INC,0.002066520364837958,0.004511278584588589
MAHEISH GIRRI,BJP,-8.356387053884579e-4,4.6364173224255407e-4
MALLIKARJUN KHARGE,INC,0.002295332578265316,0.0013279665536099806
MANOJ KUMAR TIWARI,BJP,-0.006693210683461639,0.0016716733485681835
MANOJ RAJORIA,BJP,4.2961290001006675e-4,0.0070417060782034585
MANSHANKAR NINAMA,BJP,0.0022836300409532677,0.0018320712851409157
MANSUKHBHAI DHANJIBHAI VASAVA,BJP,-0.002643928647703341,-0.0015779188516872648
MAULANA BADRUDDIN AJMAL,Regional,0.002295399341170962,0.0041626918046664295
MAUSAM NOOR,INC,0.0017942020101477712,0.002127743592250351
MEENAKASHI LEKHI,BJP,8.550875019612857e-4,0.0020628320666905976
MIDHUN REDDY,YSRCP,0.0022837419816270316,0.007878045941284632
MOHAMMAD SALIM,Left,0.0025051414287881966,-0.003582778521575948
MOHANBHAI KALYANJIBHAI KUNDARIYA,BJP,0.002459713476487042,-1.9376719289564937e-4
MURALI MOHAN MAGANTI,TDP,0.002466494782305105,0.001483767975519804
MUTHAMSETTI SRINIVASA RAO (AVNTHI),TDP,5.483285706574482e-4,-5.233879943623138e-4
Maddila Gurumoorthy,YSRCP,0.0022873562319504276,0.0035412430355647147
Magunta Sreenivasulu Reddy,YSRCP,0.002647742620813403,0.010885090296882168
Mahabali Singh,JDU,0.001948107769694407,-0.05174724734020158
Mahua Moitra,TMC,0.002511801511587879,-0.002679965291547275
Malook Nagar,BSP,0.0020926439752533776,-4.945461542256543e-4
Maneka Sanjay Gandhi,BJP,0.0026716904273646615,3.1474974149988224e-4
Manickam Tagore B,INC,0.0026651036380573746,0.002464080939169215
Manish Tewari,INC,0.002460907317577834,-0.0052471040277737935
Manjulata Mandal,Regional,0.00224657046482605,0.0017534185525400498
Manne Srinivas Reddy,Regional,0.0024938308939121945,0.005328989383038556
Manoj Kishorbhai Kotak,BJP,0.002311473491556897,8.009591104557626e-4
Manoj Kumar Tiwari,BJP,0.0014895448190576626,0.0038270134062223975
Manoj Rajoria,BJP,0.0024394376902666572,0.0010998315429902243
Mansukhbhai Dhanjibhai Vasava,BJP,0.0023602474671276016,0.00191990380856631
Margani Bharat,YSRCP,0.002158123396693238,0.005797959037044326
Md. Rakibul Hussain,INC,-0.0058135395937508084,0.008374301280535288
Meenakashi Lekhi,BJP,0.0023903583562634944,0.00296562332073179
Midhun Reddy,YSRCP,0.002330179814104062,0.0031570162522796216
Mitesh Rameshbhai (Bakabhai) Patel,BJP,0.0023303669833724203,-0.0015463867862735555
Mohammad Jawed,INC,0.0017528992189644176,7.545806100844371e-4
Mohanbhai Kalyanji Kundariya,BJP,0.002588430518148466,-0.0014439842511136647
Mrs Ruchi Vira,SP,0.0022155548437914952,0.0031984292870867333
Ms Iqra Choudhary,SP,0.0023332855300602588,0.00295145684393421
Ms Kangna Ranaut,BJP,-0.012929472657620365,0.0046515753872603885
N.K. PREMACHANDRAN,Regional,-7.520159767042153e-4,-0.004300601050180567
N.K. Premachandran,Regional,0.0010253392912883143,-3.351950119900891e-4
NAGARAJAN P.,Left,0.002257182601110394,0.0015204824347889389
NAGENDRA KUMAR PRADHAN,Regional,0.0020254868751917606,0.0021273001713158295
NALIN KUMAR KATEEL,BJP,0.002415432334481865,-0.0013423772079294144
NANABHAU FALGUNRAO PATOLE,BJP,0.0023147123070694315,-0.0013931822423359096
NARANBHAI KACHHADIA,BJP,0.002327063595070597,-0.001601097386662805
NEELAM SONKER,BJP,0.0021447936635362636,0.0026087257526570167
NIHAL CHAND CHAUHAN,BJP,0.002070956386058836,0.003434490808743829
NINONG ERING,INC,0.0021691390275373544,0.002681967232997193
NISHIKANT DUBEY,BJP,0.002255466814615645,9.113730696348123e-4
NITYANAND RAI,BJP,0.001963722042157025,-0.09160625220466265
Naba (Hira) Kumar Sarania,Independent,0.001873500066325426,0.004968629382123076
Nalin Kumar Kateel,BJP,0.0019486481786579214,0.005541197688785199
Nama Nageswara Rao,Regional,0.0022322977544678405,-0.0016722883160114699
Naranbhai Bhikhabhai Kachhadiya,BJP,0.00239056775871677,0.0015372550426808026
Nayab Singh,BJP,0.0021088889015391525,0.0056795186883470735
Nihal Chand Chauhan,BJP,0.002378705925111078,0.002498594026031486
Nishikant Dubey,BJP,0.001416632814990262,0.006136360582741383
Nusrat Jahan Ruhi,TMC,0.0025762563121715506,9.352949556066531e-4
OM BIRLA,BJP,0.002307401541818105,-0.0018268164109919481
OM PRAKASH YADAV,BJP,0.002138317489613636,0.0016979332330932632
Omprakash Bhupalsinh alias Pawan Rajenimbalkar,Shiv Sena,0.0024988825953104012,-0.015211758847375502
P. C. MOHAN,BJP,0.0022841987785063235,-0.00533943086720846
P. C. Mohan,BJP,0.002339828595564543,0.002555335292024853
P. KARUNAKARAN,Left,0.00139662449599802,-0.002047117397881895
P. Ravindhranath,Independent,0.0021304523491490843,0.00584607085515234
P. Velusamy,DMK,0.002315810363606227,-0.0037232518429834182
P.K.SREEMATHI TEACHER,Left,0.0022163788710202435,0.0028679790947312676
P.P. CHAUDHARY,BJP,-3.41498453603028e-4,0.0035654320920858206
P.P. Chaudhary,BJP,0.002033042240925384,0.0037231684977183303
P.R. Natarajan,Left,0.0022650397622641164,-0.02677082014987979
PANKAJ CHOWDHARY,BJP,0.002383606366783701,8.122484629563444e-4
PARAYAMPARANBIL KUTTAPPAN BIJU,Left,8.770719439830931e-4,0.0010046570960950886
PARBHUBHAI NAGARBHAI VASAVA,BJP,0.0022662047365997542,0.0030118271038924956
PARESH RAWAL,BJP,0.0016093595746051112,-1.4566810704418943e-4
PARVESH SAHIB SINGH,BJP,0.002702841102062899,0.001557452779057351
PINAKI MISRA,Regional,0.0024603626274597623,-0.0015098370419168489
PONGULETI SRINIVASA REDDY,YSRCP,0.0024993711363040434,0.0020371232268313272
PONNUSAMY VENUGOPAL,INC,0.0024556258614017424,3.3688356181352626e-4
POONAM MAHAJAN,BJP,0.0017834599002383828,0.002023743585510009
POONAMBEN HEMATBHAI MAADAM,BJP,0.0021334743160169034,0.0014471077153692512
PRABHAS KUMAR SINGH,Regional,0.0023904054095787593,3.648134880955449e-4
PRAHLAD SINGH PATEL,BJP,0.0013589890828621274,0.0020407168035828202
PRALHAD VENKATESH JOSHI,BJP,0.0022149266338595142,-3.584557351824589e-5
PRASUN BANERJEE,TMC,0.0019984543896139338,0.002702204783216114
PRATAPRAO GANPATRAO JADHAV,Shiv Sena,-5.322661832901152e-4,-0.0017736030998155758
PRATHAP SIMHA,BJP,-0.001572081334933429,0.003359918343737863
PREM DAS RAI,Regional,0.0022668065890745536,0.0031151386193349717
PREM SINGH CHANDUMAJRA,Regional,0.002219694274989265,-7.822816302611146e-4
PRITAM GOPINATH MUNDE,BJP,0.002259845227260608,-5.393441022873036e-4
Pallab Lochan Das,BJP,-0.005889633702096459,0.0032583108970291696
Parvesh Sahib Singh,BJP,0.0021838154408635236,0.0031316852045936245
Pashupati Nath Singh,BJP,0.0022975417843687194,0.003915488893094925
Pinaki Misra,Regional,0.00254565582363163,0.0017031468324014796
Pocha Brahmananda Reddy,YSRCP,0.0027485416911585373,0.014280147885753842
Poonam (Mahajan) Vajendla Rao,BJP,0.0023686746137247874,0.003701669364987222
Poonamben Hematbhai Maadam,BJP,0.002231561736533685,0.0014637437542923805
Prabhubhai Nagarbhai Vasava,BJP,0.002692636164155879,0.00342770649197334
Pradyut Bordoloi,INC,-5.838788993195433e-4,-0.0032683339011582383
Prajwal Revanna,Regional,-0.003015045995298446,0.007747547212846655
Prasun Banerjee,TMC,0.0033927546179447795,0.0011116239398358079
Prataprao Govindrao Patil Chikhalikar,BJP,0.0017837377249693158,0.001565797290292768
Prataprao Jadhav,Shiv Sena,0.0022008453473813193,-0.005804632364068365
Pratima Bhoumik,BJP,0.002618730083172569,-0.0012296965721957467
Pratima Mondal,TMC,0.0019921498340172423,4.980103072136115e-4
Pratyusha Rajeshwari Singh,Regional,0.0020364723880413873,0.002426554351815504
Pritam Gopinath Munde,BJP,0.0020781160873785866,-3.535823988279576e-4
Prof. Sougata Ray,BJP,0.002048482553621425,-0.012184155984428869
Pushpendra Singh Chandel,BJP,0.0026228045454861786,-1.973363382231405e-4
Queen Oja,BJP,0.002302877040577016,0.0024135004217452753
R.K. BHARATHI MOHAN,BJP,0.0022461913297250604,-7.204806126747855e-4
R.K. Singh Patel,BJP,0.0021676267840645223,0.007326479612543557
RABINDRA KUMAR JENA,Regional,0.002269469885455803,0.002837189145519252
RADHESHYAM BISWAS,Regional,0.001177606884522934,0.0017666792806625366
RAGHAV LAKHANPAL,BJP,5.58816840217503e-4,0.0026947099204190717
RAHUL KASWAN,BJP,0.0019143074068729783,0.0019845077817484493
RAHUL RAMESH SHEWALE,Shiv Sena,0.0020315926072182354,-1.0645281591191075e-4
RAJAN BABURAO VICHARE,Shiv Sena,0.0022544325249500173,0.0018631413672871356
RAJEEV SHANKARRAO SATAV,INC,0.002125182458241839,5.746237769531885e-4
RAJENDRA AGRAWAL,BJP,-0.0035597559998714083,0.003050116534814789
RAJESH KUMAR DIWAKAR,BJP,0.0019456594509173848,0.0013316574654342645
RAJESH RANJAN (PAPPU YADAV),RJD,0.002013237451489977,0.0013738383247716218
RAJESH VERMA,BJP,-0.002417370388222189,0.0018773596064166887
RAJESHBHAI NARANBHAI CHUDASAMA,BJP,0.002439596015786416,-0.007476470257070543
RAJIV PRATAP RUDY,BJP,0.0019519070586856532,-0.004967355080348287
RAJU ALIAS DEVAPPA ANNA SHETTI,Regional,0.0022084794264575287,-0.0015628699443471126
RAKESH SINGH,BJP,0.0023846373180223114,-3.049432414773495e-4
RAKSHA NIKHIL KHADSE,BJP,0.002271011693045704,0.001849919630295051
RAM CHARITRA,BJP,0.002206538912293149,-1.534164493697189e-4
RAM KUMAR SHARMA KUSHWAHA,Regional,-0.0012412998690968474,-0.025856656759162464
RAM PRASAD SARMAH,SP,0.001971589254656805,0.006297720664748157
RAM TAHAL CHOUDHARY,BJP,-9.431895034829643e-4,-0.0017653246180617842
RAMA DEVI,BJP,-0.0019074820612244268,-0.005504419501351681
RAMA KISHORE SINGH,Regional,0.00225562651619955,0.0010848002961155098
RAMACHANDRAN MULLAPPALLY,INC,0.0021372799435104522,0.002013982954787508
RAMCHARAN BOHARA,BJP,0.0023146306393493914,-4.1043298250973434e-4
RAMDAS CHANDRABHANJI TADAS,BJP,0.0020857453923103604,-4.960477178810889e-4
RAMESH BIDHURI,BJP,0.0023900657721635738,6.282018572054347e-4
RAMESH CHANDER KAUSHIK,BJP,0.0021660269197449305,-7.373347628942503e-4
RAMESH POKHRIYAL NISHANK,BJP,0.0019001994438958988,0.0018288845860173373
RAMESWAR TELI,BJP,0.00241729362580185,0.0030309875342083114
RAMSINH PATALYABHAI RATHWA,BJP,0.002294297038533795,-7.470821888161709e-5
RANGASWAMY DHRUVANARAYANA,INC,0.001703927089706434,0.0018179957891841746
RANJEET RANJAN,INC,0.002019368200093991,0.002178076857005075
RAOSAHEB PATIL DANVE,BJP,0.0026517999546317294,0.002769401225647721
RATTAN LAL KATARIA,BJP,0.0022224203237157015,0.0015326136118729136
RAVINDRA BABU PANDULA,TDP,0.001682903154174763,5.687039269625098e-4
RAVINDRA KUMAR PANDEY,BJP,0.0021338264906562146,0.0015183483693074382
RAVINDRA KUMAR RAY,BJP,0.002303248827232587,-1.8258388273321096e-4
RAVINDRA KUSHAWAHA,BJP,0.002067275666709566,-0.06129937262763394
RAVINDRA VISHWANATH GAIKWAD,Shiv Sena,0.002504209246457263,-0.002120194237615638
RAVNEET SINGH,INC,0.0022125382591173318,-0.004908505515842828
RAYAPATI SAMBASIVA RAO,TDP,8.394517914375947e-4,0.0013825301280443597
REKHA ARUN VERMA,BJP,0.0022460983349907736,0.0017817937723011964
RENUKA BUTTA,YSRCP,0.0018195433858855918,8.58242469122188e-4
RITA TARAI,Regional,-0.006504051343011761,0.004725234506192055
RITI PATHAK,BJP,-0.0013700774180678585,0.003024734769008542
RODMAL NAGAR,BJP,0.002224636652182159,8.1379203435842e-4
Raghu Ramakrishna Raju Kanumuru,YSRCP,0.00245376596862632,0.0015048732550344954
Rahul Gandhi,INC,0.0021193185951254847,7.717256346345329e-4
Rahul Kaswan,INC,5.685887281103738e-4,0.0017768968981847425
Rahul Ramesh Shewale,Shiv Sena,0.002276378989742082,-0.0017093743125186332
Rajan Baburao Vichare,Shiv Sena,0.0019837469833813414,0.003545942233264774
Rajashree Mallick,Regional,0.001958481429086737,0.005091852497157457
Rajdeep Roy,BJP,0.0019045449672093126,-0.024254807051428136
Rajendra Agrawal,BJP,0.0019060221692606353,0.005987042560946575
Rajendra Dhedya Gavit,BJP,0.002220581175478983,0.0020223296318369615
Rajeshbhai Naranbhai Chudasama,BJP,8.044772043819839e-4,-0.0755484468083607
Rajiv Pratap Rudy,BJP,0.0022240408405191092,5.183181259725184e-4
Rajiv Ranjan (Lalan) Singh,BJP,0.0018516300861023145,8.091821460753993e-4
Rajkumar Chahar,BJP,3.734047880668725e-4,0.0023137677559815907
Rajmohan Unnithan,INC,0.002168825249514597,0.0014353769793491785
Raju Bista,BJP,-0.004845513032042066,0.004044807228176806
Rajveer (Raju Bhaiya) Singh,BJP,0.0024711942634088975,0.0015669797618287724
Rakesh Singh,BJP,0.00229425541897715,2.55919049702457e-4
Raksha Nikhil Khadse,BJP,-1.3889472753125922e-6,5.118024257768571e-4
Rama Devi,BJP,0.001957433728629863,6.634477659524041e-4
Ramapati Ram Tripathi,BJP,0.0020350754337885076,-9.978397985326121e-4
Ramcharan Bohra,BJP,8.64394502076033e-4,0.0024812060821492454
Ramdas Chandrabhanji Tadas,BJP,0.0018067759276140225,0.004121622055038625
Ramesh Bidhuri,BJP,0.00222894187180089,0.0010290600100352101
Ramesh Chand Bind,BJP,0.0018833102919231899,0.006826856227577476
Ramesh Chander Kaushik,BJP,0.0012708320987034278,0.002611503535102167
Ramesh Chandra Majhi,Regional,0.0013395494588316931,0.00496232568121689
Ramya Haridas,INC,0.002435400166510747,6.256812502870316e-4
Ranjeeta Koli,BJP,0.0022919081160739955,0.0026466005649539446
Rattan Lal Kataria,BJP,0.0025155414111471173,0.00328630676094521
Ravi Kishan Shukla,BJP,0.002106638484600111,0.0036608768786577754
Ravindra Kushawaha,BJP,3.6226818708088115e-5,-0.11731057500407668
Ravneet Singh,BJP,0.002160055636832781,-0.0018573036647110393
Rebati Tripura,BJP,0.0024020002444767275,0.005302768261457592
Reddeppa Nallakonda Gari,YSRCP,-4.834256601639049e-4,0.0021502876765986164
Rekha Arun Verma,BJP,0.0023844110600679523,0.005676958940519263
Richard Hay,BJP,0.0021549123915987917,0.0014189426198546768
Rita Bahuguna Joshi,BJP,0.002240646716382246,-2.0934443809357583e-4
Ritesh Pandey,BJP,0.0017445964256030887,-0.03067292382540395
Riti Pathak,BJP,-0.0016680512345392385,0.00324213019031811
Rodmal Nagar,BJP,0.0021910605824712174,0.0028253179742313704
S. Gnanathiraviam,DMK,0.0022921948277525913,0.004674010600472253
S. Muniswamy,BJP,-0.0022274246981181926,0.0013093774568805959
S. Venkatesan,Left,0.0016830678515061745,7.213980692008852e-5
S.P. MUDDAHANUMEGOWDA,INC,0.0010704485455484995,-0.001770901240408045
S.R. Parthiban,DMK,0.0024049745831154173,6.88572922217361e-4
SADASHIV KISAN LOKHANDE,Shiv Sena,-4.88772230805522e-4,2.1662886489913133e-4
SAKSHI SWAMI MAHARAJ,BJP,0.002323116032053009,-8.253923910924769e-4
SAKUNTALA LAGURI,Regional,0.0022736263055163366,0.0031134456591141997
SANJAY HARIBHAU JADHAV,Shiv Sena,0.0017932014470696347,0.0016359505938369442
SANJAY JAISWAL,BJP,0.0017247103385945074,0.0018936386899961841
SANJAY SHAMRAO DHOTRE,BJP,0.0021937512120993163,4.658245987130785e-5
SANJAY(KAKA) RAMCHANDRA PATIL,BJP,0.0021222653464606756,0.0015636179260989271
SANKAR PRASAD DATTA,Left,0.00242480402303223,-6.043583672133023e-4
SANTOSH AHLAWAT,BJP,0.0020040779292777896,0.0010797755184645235
SANTOSH KUMAR,JDU,0.001708657823803742,0.00680751437304337
SATISH CHANDRA DUBEY,BJP,0.002109168492219659,-0.002681385117999078
SATYA PAL SINGH,BJP,0.0016798340590467266,-5.183178718721964e-4
SAUGATA ROY,TMC,0.0024957754202268503,-0.002130965469886782
SHARAD TRIPATHI,BJP,0.0021017667964444743,-4.50152327405589e-4
SHASHI THAROOR,INC,3.118550155523806e-4,0.001714235032639215
SHER SINGH GHUBAYA,Regional,0.0020544741924488834,0.0011888892067580155
SHIVAJI ADHALRAO PATIL,INC,0.002433296976779739,-0.0038924960536078435
SHOBHA KARANDLAJE,BJP,0.002327242216609697,7.102503713671156e-4
SHRIKANT EKNATH SHINDE,Shiv Sena,2.6243087109842204e-4,5.051642223562194e-4
SONA RAM CHOUDHARY,BJP,0.0018973529738801165,0.0029793347014410404
SRINIVAS KESINENI,TDP,0.0021356095346514357,0.003122820996633817
SRIRAM MALYADRI,TDP,0.0020781930617968327,-0.0023063314609451306
SUBHASH PATEL,BJP,0.0018512679876028708,0.0020617523961630204
SUBHASH RAMRAO BHAMRE,BJP,-0.0031560516855354756,0.0021552644621279184
SUDHEER GUPTA,BJP,0.002198992757170267,-0.02304818381335081
SUKENDER REDDY GUTHA,INC,0.0021336559880634413,0.004728190491916009
SUKHBIR SINGH JAUNPURIA,BJP,5.696750438596654e-4,0.02363090768774032
SULTAN AHMED,TMC,-1.9342699554061448e-4,3.383814156515602e-4
SUMEDHANAND SARASWATI,BJP,0.0022835407785794137,-0.001538356868185114
SUNIL BALIRAM GAIKWAD,BJP,-0.0016754673007514194,-0.0017353927645245408
SUNIL KUMAR MONDAL,TMC,0.0019896086666261223,0.004072462809708024
SUNIL KUMAR SINGH,BJP,5.607995691513151e-4,0.0024371632880793226
SUPRIYA SADANAND SULE,NCP,0.0022268072120053594,4.555709670306436e-4
SURESH KODIKUNNIL,INC,0.001793462705952824,0.004650990436528964
SUSHIL KUMAR SINGH,BJP,0.00216547575595165,-9.868588776443437e-4
SUSHMITA DEV,INC,0.0019610977132935043,3.28236495311715e-4
Sadashiv Kisan Lokhande,Shiv Sena,0.002358148514394157,0.0024462432802944216
Saikia Dilip,BJP,0.0020652422759873026,0.0062380990980271155
Sajda Ahmed,TMC,0.0021092982730952646,-4.352432034067871e-6
Sambhajirao Mane Dhairyasheel,Shiv Sena,-4.262545845981455e-4,4.169847027941505e-4
Sandhya Ray,BJP,9.544991525888709e-4,0.008337032860362728
Sangamlal Kadedin Gupta,BJP,0.0019947483422840515,0.006671721861714793
Sanganna Amarappa Karadi,BJP,0.0010238738463196056,-0.010912130528968151
Sangeeta Kumari Singh Deo,BJP,-0.0033415348196160917,0.0036077404161606215
Sanjay Bhatia,BJP,0.0021737116443679037,5.792813348343194e-4
Sanjay Haribhau Jadhav,Shiv Sena,0.0021650024407296412,-2.97521000482503e-4
Sanjay Jaiswal,BJP,0.00209824938869921,0.0013828016199971236
Sanjay Sadashivrao Mandlik,Shiv Sena,8.885083052504598e-5,0.001007765150446848
Sanjay Seth,BJP,0.001912001175399412,0.005832351351789374
Sanjay(Kaka) Ramchandra Patil,BJP,8.784678096041919e-4,-0.18401328497878608
Sanjeev Kumar Singari,BJP,-6.439691865873282e-5,0.0038774556615659623
Santosh Kumar,JDU,0.0024414481499083268,1.1776044961147735e-4
Santosh Pandey,BJP,0.002138212864192707,0.00548325563170463
Saptagiri Sankar Ulaka,INC,-0.012685124553230339,0.004677802695407753
Sarmistha Sethi,Regional,8.658252749380287e-4,0.005169170624978005
Satyadev Pachauri,BJP,0.0023458978354105988,0.002016098120233117
Shankar Lalwani,BJP,0.002242189059567068,0.0027827825558909875
Shashi Tharoor,INC,0.002328597603593866,0.0012650875770977106
Shiromani Ram,SP,0.0025035994821317915,0.0016679537972173512
Shri Aashtikar Patil Nagesh Bapurao,Shiv Sena,-0.006816698917971018,0.005885144614378791
Shri Ajay Bhatt,BJP,0.0017749377765615148,0.0035239238782743287
Shri Alok Sharma,BJP,-0.006638816390829637,0.0018254312803540162
Shri Amra Ram,Left,0.0016553897469681485,-7.014044057222838e-4
Shri Anand Bhadauria,DMK,0.001930394165456318,0.0017090709803572052
Shri Ananta Nayak,BJP,-0.009200739984821547,0.007764053565877996
Shri Anil Firojiya,BJP,0.002152788189086673,0.004368320499047301
Shri Anup Sanjay Dhotre,Regional,0.0022377198072867153,0.004202404022806212
Shri Anurag Sharma,BJP,-0.003279640133563426,0.005224723879150672
Shri Appalanaidu Kalisetti,TDP,3.144360741631033e-4,0.009870631392225005
Shri Arun Bharti,Regional,-6.443396466839866e-4,0.0030638996325825165
Shri Arun Govil,BJP,-0.006379614247875924,-7.08891424611125e-4
Shri Arun Kumar Sagar,BJP,0.0017433804961362726,0.005329187761860825
Shri Arvind Ganpat Sawant,Shiv Sena,-4.6581481612245596e-4,-0.002147618530203291
Shri Asaduddin Owaisi,Regional,-0.006337632366731762,0.0013094192448984089
Shri Ashish Dubey,BJP,0.001570181252101979,0.008533380482691845
Shri Ashok Kumar Rawat,BJP,-0.003421360835044303,0.007315689078780034
Shri Azad Kirti Jha,BJP,0.0022493339037055957,-0.0059116484157107525
Shri B K Parthasarathi,TDP,0.002495125689087005,0.007261302713754957
Shri Babu Singh Kushwaha,SP,0.002155476206705686,0.003999547399293887
Shri Baijayant Panda,BJP,0.0021877608142847785,0.00604283268826005
Shri Balabhadra Majhi,BJP,0.0021096781970799832,0.007586331705080595
Shri Balashowry Vallabhaneni,Regional,0.001973021835486784,0.008496686534830124
Shri Balwant Baswant Wankhade,INC,0.0021186112309667824,0.003839185834654344
Shri Balya Mama Suresh Gopinath Mhatre,NCP,0.001963386405956906,0.0054295246043622935
Shri Bastipati Nagaraju,TDP,0.0019656956786214927,0.013215415193328583
Shri Benny Behanan,INC,-0.0014844882790656644,0.003633581353680166
Shri Bharat Singh Kushwah,BJP,-0.009850537581197794,0.005872666799978151
Shri Bhartruhari Mahtab,BJP,0.0022335398346608215,0.0039031299702259594
Shri Bhausaheb Rajaram Wakchaure,Shiv Sena,-0.0042394026817606425,-0.03134301338265374
Shri Bhojraj Nag,BJP,0.002226741886121952,0.0035553845991485636
Shri Bibhu Prasad Tarai,BJP,-5.583297051465042e-4,0.0036997410013815866
Shri Bidyut Baran Mahato,BJP,-3.31604737980379e-4,0.003696883925026231
Shri Biplab Kumar Deb,BJP,0.002808214615361247,0.00780439102050572
Shri Brijendra Singh Ola,INC,0.002194974684375449,-0.0015497650577568473
Shri Brijmohan Agrawal,BJP,0.0019219099509562554,0.0024471399049031356
Shri Bunty Vivek Sahu,BJP,-0.002038088962680548,0.00594590196404259
Shri Captain Brijesh Chowta,BJP,0.002098003080581404,0.005968318873805539
Shri Captain Viriato Fernandes,INC,-0.009502363205004473,0.003307251249744014
Shri Chandra Prakash Joshi,BJP,0.002501049819745427,0.0029004622428573856
Shri Charanjit Singh Channi,INC,-0.003639772362609799,0.002619643246461459
Shri Chavda Vinod Lakhamshi,BJP,-0.0030346648041356034,0.004212790632997193
Shri Daggumalla Prasada Rao,TDP,0.002419711123935709,0.007573617328786952
Shri Damodar Agrawal,BJP,0.0022215690934562177,0.0019040323480082808
Shri Darshan Singh Choudhary,BJP,-9.861951732347367e-4,-0.005209212808571271
Shri Devesh Shakya,SP,-0.007374973042366004,0.004494917978527153
Shri Dhairyasheel Sambhajirao Mane,Shiv Sena,-5.279563179581245e-4,0.0015383127951476968
Shri Dharambir Singh,BJP,0.002090904755377643,0.004798020436141101
Shri Dharmendra Yadav,SP,0.0024497654957727033,0.0019492212897962134
Shri Dileshwar Kamait,JDU,0.0021928698613180877,6.276217655343455e-4
Shri Dilip Saikia,BJP,0.0022202159565495555,0.006147677205927821
Shri Dulu Mahato,BJP,-0.0023433828810856994,0.005988500803568627
Shri Dushyant Singh,BJP,3.428636008735403e-5,0.0033235597646632006
Shri E T Mohammed Basheer,Regional,0.0016966002776707834,0.002456445744501469
Shri Eatala Rajender,BJP,0.0019704585605663204,0.005861628140617831
Shri Eswarasamy K,DMK,0.002033491209508489,0.005407764172054819
Shri G Kumar Naik,INC,0.0019639370602116727,0.00167388624578023
Shri G Lakshminarayana,TDP,-9.637697252736084e-4,0.011613195011769006
Shri G M Harish Balayogi,INC,0.0024397903579128446,0.0141311187333517
Shri Gaurav Gogoi,INC,0.0020646461904051546,0.005493046630406382
Shri Giridhari Yadav,JDU,0.002426456882473576,-0.0013811236721255212
Shri Godam Nagesh,BJP,-0.0018374467439521462,0.003234203553822004
Shri Gopal Jee Thakur,BJP,0.0021809583866719434,5.310483769481987e-4
Shri Govind Makthappa Karjol,BJP,0.0019257439286857363,0.0040337638548577385
Shri Hanuman Beniwal,Regional,0.0012416410208412217,-0.0010754792622101135
Shri Haribhai Patel,BJP,-0.002378929594594223,0.004407600714354853
Shri Harish Chandra Meena,INC,0.0022915920585396504,0.004653925509318638
Shri Hibi Eden,INC,0.0022525436635395983,0.006574101061363293
Shri Jagdambika Pal,BJP,0.0015333896927549897,0.0029707582671205275
Shri Janardan Mishra,BJP,0.002226026066665831,0.0072729994682269
Shri Janardan Singh Sigriwal,BJP,7.592166559856842e-4,-6.887977648613803e-4
Shri Joyanta Basumatary,Regional,0.0024563909846086482,0.004226446037868699
Shri Jugal Kishore,BJP,-0.017008102926871306,0.006482194294317657
Shri K C Venugopal,INC,-0.002199695573487067,0.002368464164554984
Shri K E Prakash,DMK,0.0022463562067061627,0.00395533635128856
Shri K Gopinath,INC,0.0020262327881612695,0.004606305664341989
Shri K Radhakrishnan,Left,0.002255675182862565,0.0019098839233354903
Shri K Sudhakaran,INC,0.00208946975340048,0.001350387754158896
Shri Kali Charan Singh,INC,0.002025969416324698,0.008371019691720048
Shri Kalipada Saren Kherwal,TMC,0.002451892136190954,-0.0014804712054238371
Shri Kanwar Singh Tanwar,BJP,-0.002118305616671791,0.004870466712568372
Shri Kaushalendra Kumar,JDU,8.412144137959278e-4,0.0036672999933802125
Shri Kesineni Sivanath,TDP,0.0019713132639679557,0.012448775898621464
Shri Kodikunnil Suresh,INC,-9.232585038597343e-4,8.485120033978614e-4
Shri Konda Vishweshwar Reddy,BJP,0.0023745007485987137,0.00676618854610146
Shri Krishna Prasad Tenneti,TDP,0.0022304639844191927,0.014256518058379842
Shri Kuldeep Indora,INC,0.0025354367364184543,-0.001777741795108978
Shri Lavu Sri Krishna Devarayalu,TDP,-8.452699281672407e-4,0.010325713875927256
Shri Lumbaram Choudhary,BJP,0.0011392474574016842,0.007042259955801016
Shri M K Raghavan,INC,0.002216819372449801,0.0024783694420659375
Shri Maddila Gurumoorthy,YSRCP,-0.002094295384193964,0.005941519933577248
Shri Magunta Sreenivasulu Reddy,TDP,0.0023455648558968548,0.01110517719153044
Shri Mahesh Kashyap,BJP,-0.002064053152947427,0.003959550227595566
Shri Malaiyarasan D,DMK,0.002268463512296641,0.0036750070080820464
Shri Mani A,Regional,-0.006454247433235885,0.0045276235197827695
Shri Manickam Tagore B,INC,0.0023710698764615123,9.927674705070874e-4
Shri Manish Jaiswal,BJP,-0.0010922239673456788,0.004712825439980275
Shri Manish Tewari,INC,0.001289944028915253,0.0022882988151922594
Shri Matheswaran V S,DMK,0.0017539601060690881,6.413807316856937e-4
Shri Mohite Patil Dhairyasheel Rajsinh,NCP,0.002253884102811285,0.0011491764929418894
Shri Mukeshkumar Chandrakaant Dalal,BJP,0.0021600693886437436,7.750308367972136e-4
Shri Murari Lal Meena,INC,0.0023113739924069394,0.004159003994994892
Shri N K Premachandran,Regional,-0.003916873504463809,2.5316791292859025e-4
Shri Naba Charan Majhi,BJP,-0.0012255148365609197,0.006734420663528956
Shri Nalin Soren,Regional,0.002065302691301376,0.007852354012995976
Shri Navaskani K,Regional,0.0021596957857435146,0.005339153823870637
Shri Naveen Jindal,BJP,-0.002268852371892739,0.0021920290301567827
Shri Omprakash Bhupalsinh Alias Pavan Rajenimbalkar,Shiv Sena,2.950849365869543e-5,0.003405585473588669
Shri P P Chaudhary,BJP,-0.004509526083360042,0.006437061737645959
Shri P V Midhun Reddy,YSRCP,0.002456590952834584,0.0072447998405205825
Shri Parshottambhai Rupala,BJP,0.002271743113928656,7.062251117230915e-4
Shri Patel Umeshbhai Babubhai,Independent,0.002249882880563371,0.0013045380360014545
Shri Pradeep Purohit,BJP,-0.0013528865293963455,0.004314653717657162
Shri Pradyut Bordoloi,INC,0.002375545316861051,0.005120980196294227
Shri Praveen Khandelwal,BJP,6.669185401374633e-4,0.0026130775697942167
Shri Putta Mahesh Kumar,TDP,0.002212917464898636,0.010163662948287073
Shri Rahul Kaswan,INC,0.002052811013598704,0.0021450738899704415
Shri Raja Ram Singh,Left,-0.011462000285473941,0.0011742041859844677
Shri Rajabhau Parag Prakash Waje,Shiv Sena,-0.005124578949483975,-3.5229176088726516e-4
Shri Rajeev Rai,SP,0.0024012321383242922,6.534437268268783e-4
Shri Rajesh Ranjan,RJD,-0.003456351671349164,-9.577386853926098e-4
Shri Rajesh Verma,Regional,0.0019256558093031049,0.003562425144844534
Shri Rajiv Pratap Rudy,BJP,0.0016562293739866578,0.00224785508408311
Shri Rajkumar Chahar,BJP,0.002101676862626723,0.004879100772318717
Shri Rajkumar Roat,Regional,-6.268309908965526e-4,-0.010642016396852475
Shri Rajmohan Unnithan,INC,0.0023544322561060557,0.0015268265188147017
Shri Ram Shiromani Verma,SP,-0.0023402224909610477,-0.036378596959054675
Shri Ramprit Mandal,JDU,0.002265557583380731,2.4340914680788886e-4
Shri Ramvir Singh Bidhuri,BJP,0.0021555077960495484,0.0016859335348775855
Shri Rao Rajendra Singh,BJP,0.0018395447918145272,-0.04193724156425456
Shri Ravindra Dattaram Waikar,Shiv Sena,-9.049610290251421e-4,0.004670976517677489
Shri Ravindra Shukla Alias Ravi Kishan,BJP,0.0025271333861325,0.006388397539588168
Shri S Venkatesan,Left,0.002642172951977746,-0.00249187952606048
Shri Sanatan Pandey,SP,0.0023736245569653783,0.004110197751424969
Shri Sanjay Dina Patil,Shiv Sena,0.002211160519225575,0.001338135389346184
Shri Sanjay Haribhau Jadhav,Shiv Sena,0.0021351796871997234,0.003776254680707643
Shri Sanjay Uttamrao Deshmukh,Shiv Sena,-0.010989281711946118,0.004298846546677794
Shri Saptagiri Sankar Ulaka,INC,0.002322734797304093,0.005783146381351063
Shri Sasikanth Senthil,INC,-0.0011491967745028947,7.069313020976448e-4
Shri Satpal Brahamchari,INC,-0.009061375074577724,0.001305968515615529
Shri Selvaganapathi T.M.,DMK,0.0025406026675556105,-4.4023225888334167e-4
Shri Selvam G,DMK,0.0022218762648931792,0.004343775683185278
Shri Shafi Parambil,INC,0.002049624262597227,0.0011684688273669054
Shri Shankar Lalwani,BJP,-0.006041331545544516,0.005928551215831263
Shri Shrirang Appa Chandu Barne,Shiv Sena,0.0023550321116172185,0.003823520486278617
Shri Shyamkumar Daulat Barve,INC,0.0025349961350058787,-0.0031968825097166698
Shri Sribharat Mathukumilli,TDP,-5.381821146280154e-4,0.004336810370917771
Shri Subbarayan K,Left,0.0025086435703409664,7.207874295720055e-4
Shri Sudhakar Singh,RJD,-0.014527280056297142,0.0020394435793125725
Shri Sudheer Gupta,BJP,0.0022248567582037284,0.005743388664150769
Shri Sukanta Kumar Panigrahi,BJP,0.001931654062073457,0.006733742619562592
Shri Sunil Kumar,JDU,0.0016741627657172217,7.280080921591559e-4
Shri Suresh Kumar Kashyap,BJP,0.0019641753129399425,0.006504624444907146
Shri Suresh Kumar Shetkar,INC,-0.0010891666908330393,0.003702213642313731
Shri T R Baalu,DMK,0.002129787375115123,0.003893980717905336
Shri Tatkare Sunil Dattatrey,NCP,0.0028274206547375435,4.8474348776500513e-4
Shri Tejasvi Surya,BJP,-0.012225502985655752,0.0032149653615269383
Shri Tharaniventhan M S,DMK,0.002157517679419702,0.00425166935992088
Shri Ujjwal Raman Singh,INC,0.0026254939618524766,0.004630671517373552
Shri Ummeda Ram Beniwal,INC,-0.001816842558067831,0.00409822743062253
Shri Utkarsh Verma Madhur,TDP,0.0016407394024088003,-0.020395486020408818
Shri V K Sreekandan,INC,0.002078203320090544,-0.001214040106894261
Shri Vamsi Krishna Gaddam,INC,7.97597083353954e-4,-6.146021740719869e-5
Shri Vijayakumar Alias Vijay Vasanth,INC,-6.837739615236994e-4,0.0023255807299919335
Shri Virendra Singh,BJP,-0.0028848515155167256,0.002187009414396144
Shri Vishnu Datt Sharma,BJP,0.0019774112104543025,0.01315402484354646
Shri Vishnu Dayal Ram,BJP,0.002310173817999429,0.0056978277396945885
Shri Y S Avinash Reddy,YSRCP,-0.006913134950068798,0.00909040068944747
Shri Yaduveer Wadiyar,BJP,-0.006003867469950108,0.005655591097880691
Shri Yogender Chandolia,BJP,0.0016001623996636128,0.005579912401891705
Shri Zia Ur Rehman,SP,0.0023454847226286792,0.00340762406401849
Shrikant Eknath Shinde,Shiv Sena,0.0024175773714502696,0.0011359822401009513
Shriniwas Dadasaheb Patil,NCP,-0.0034498875719199225,0.00419649423791301
Shrirang Appa Barne,Shiv Sena,0.0012162338799490537,-5.918233909814636e-4
Shyam Yadav Singh,BSP,0.001996168987579623,-0.06717370747093061
Smt. Aparajita Sarangi,BJP,0.0020672619889132043,0.007499241717972737
Smt. Bharti Pardhi,BJP,4.5383739523172773e-4,0.006353841203206448
Smt. Bijuli Kalita Medhi,BJP,0.002211099516323753,0.007980583230251201
Smt. Delkar Kalaben Mohanbhai,BJP,6.940386101073096e-4,0.005117993613243046
Smt. Dhanorkar Pratibha Suresh,INC,0.0020464974845573578,0.00159789217854143
Smt. Geniben Nagaji Thakor,INC,0.0027008533058204484,-0.0015953656752058763
Smt. Jyotsna Charandas Mahant,INC,-0.011471206210401468,0.0033860768794474663
Smt. Kanimozhi Karunanidhi,DMK,0.001915930972419139,-0.03896882968390951
Smt. Lovely Anand,JDU,0.0022448214367355294,0.004596652488593102
Smt. Malvika Devi,BJP,0.0020163035220139985,-0.012604065905224598
Smt. Manju Sharma,BJP,0.002041560022601796,0.0036615809846190597
Smt. Pratima Mondal,TMC,0.0019038691963892012,0.003443740713399859
Smt. Priyanka Gandhi Vadra,INC,0.0025367430716324363,0.005077291554176875
Smt. Roopkumari Choudhary,BJP,-4.8796051951064214e-4,0.005979908839673966
Smt. Sajda Ahmed,TMC,0.0024848551126360153,0.002951340771785736
Smt. Sandhya Ray,BJP,-0.004525674828051142,0.007398119438001433
Smt. Sangeeta Kumari Singh Deo,BJP,0.0018859683223861657,0.006933666389510722
Smt. Sanjna Jatav,INC,0.0020279920834236674,0.002244372089642611
Smt. Shambhavi,Regional,3.676194192112213e-4,0.0049651513711450315
Sougata Ray,BJP,0.002332851919178171,-6.413289043991298e-4
Srinivas Kesineni,TDP,0.0021790111842473186,0.00518306976150627
Su Thirunavukkarasar,INC,0.0022814825643008773,6.312358434387554e-4
Subhash Ramrao Bhamre,BJP,0.002278707727050798,0.0015309004891509988
Subrata Pathak,BJP,0.002393399312909449,0.0018637093880485586
Sudarshan Bhagat,BJP,0.0025408675105335,0.0019676240499116805
Sudhakar Tukaram Shrangre,BJP,0.0017178347310544415,0.005941385427906602
Sudheer Gupta,BJP,0.0024381204657878833,2.990003768570092e-4
Sujay Radhakrishna Vikhepatil,BJP,0.0023643749429359514,4.7034850171388115e-4
Sukanta Majumdar,BJP,0.002151324464721637,0.0010638304288039001
Sukhbir Singh Jaunapuria,BJP,0.0022877301145825175,-7.999407390251001e-4
Sumalatha Ambareesh,BJP,0.0020456817152812883,-0.031705371819605324
Sumedhanand Saraswati,BJP,0.0022354940687640554,0.0019480171298518058
Sunil Baburao Mendhe,BJP,0.0017641966982936998,-0.0032818106277443726
Sunil Dattatray Tatkare,NCP,-0.0021435316379102495,0.0016520529032104218
Sunil Kumar Mondal,TMC,-0.0013259229072715838,5.639346414432652e-5
Sunil Kumar Pintu,JDU,-0.005328183010364614,7.399152433676515e-4
Sunil Kumar Singh,BJP,8.811162842179519e-6,0.0015119090643069201
Sunita Duggal,BJP,0.0021139316615750693,0.002787312100856
Supriya Sadanand Sule,NCP,0.002312792149113986,9.610944695771444e-4
Suresh Kodikunnil,INC,3.388121901699276e-4,9.946625027547743e-4
Sushil Kumar Singh,BJP,0.0024510317603476323,-6.049132489670209e-4
T. R. Paarivendhar,DMK,8.88616404507641e-4,0.0015688417226516166
T. RADHAKRISHNAN,Regional,0.0023136268745079657,6.118830307094342e-4
T.G. VENKATESH BABU,Regional,0.0023209541093488087,-2.924632904201593e-4
T.N. Prathapan,INC,-0.0029251017105031193,0.0012342958657484237
T.R.V.S. Ramesh,BJP,0.0023073333967249428,-3.7164233773594684e-4
TAMRADHWAJ SAHU,INC,0.002612941323220031,0.00253575342290717
TARIQ ANWAR,NCP,0.0025509708624209663,-9.388602876536643e-4
THOKCHOM MEINYA,INC,0.0021378949505136656,0.00565998336349005
Talari Rangaiah,YSRCP,0.002551959247163266,0.0059923898700083526
Tapir Gao,BJP,0.0023195300211240793,0.006045140207301369
"Tejpratap Singh,Yadav",SP,0.0018057915642924543,0.003060657266006068
Thalikkottai Rajuthevar Baalu,DMK,0.0022695962827497885,0.0010766067937601539
Thiru Arun Nehru,DMK,-0.004767184757985453,3.5876952804991623e-4
Thiru D M Kathir Anand,DMK,0.002152627938396351,9.955392107706652e-4
Thiru Dayanidhi Maran,DMK,0.0023012682270312566,0.0011544381251500813
Thirumaa Valavan Thol,Regional,0.0022648673492636274,-0.0015091597105248674
Thomas Chazhikadan,Regional,0.0022294340369368947,6.271337288745465e-4
UDAY PRATAP SINGH,BJP,0.0018063881491756834,6.005567198447158e-4
UDIT RAJ,BJP,0.0021042601877130913,2.385511253184212e-4
Uday Pratap Singh,BJP,-0.0036140193370254666,0.002006754053913107
Umesh G. Jadhav,Shiv Sena,0.001842929145573717,0.00394246349932516
Unmesh Bhaiyyasaheb Patil,BJP,0.0020527051994734032,0.0035531618977133086
Upendra Singh Rawat,BJP,0.0022734435028558923,0.003243090973975217
Uttam Kumar Nalamada Reddy,INC,0.002451629171001484,-0.00801115212488906
V. Kalanidhi,DMK,0.002272861318368388,-2.5206588947490036e-4
VASANTHI M.,INC,-0.0035935973312085107,2.227402148248813e-4
VEENA DEVI,Regional,0.002475695141455935,-0.0034069578133666114
VIJAY KUMAR HANSDAK,Regional,0.0024734614053569183,-4.928552032907869e-4
VIJAY KUMAR S.R.,BJP,0.002466886292760361,-0.0016569381946076372
VIJAYSINH MOHITE PATIL,NCP,0.0012380308347087195,0.001158365566992227
VIKRAM USENDI,BJP,0.0023395792109688006,0.0010003516431541528
VINAYAK BHAURAO RAUT,Shiv Sena,0.0022065270975032193,7.743126092544958e-4
VINCENT H PALA,INC,0.002263975589598739,0.0011353189084550507
VINOD CHAVDA,BJP,0.002059520649997776,0.004374805343940187
VINOD KUMAR BOIANAPALLI,Regional,0.002006765554193455,-0.010035401737535362
VINOD KUMAR SONKAR,BJP,0.002471055117610407,0.002579959643792764
VIRENDRA KUMAR,BJP,0.002503902855414275,-6.461289752796801e-5
VISHNU DAYAL RAM,BJP,0.002175321728342365,-0.0026068293928248336
Vaithilingam Ve.,INC,0.002175268699971208,0.0011158441580381127
Vellalath Kochukrishnan Nair. Sreekandan,INC,0.0023080275257550825,0.001273529567094445
Venkatesh Netha Borlakunta,Regional,0.0013494206158728781,0.008170115150739468
Vijay Baghel,BJP,0.0024391918396673177,0.002398816513377025
Vijay Kumar Dubey,BJP,0.002111868820781047,0.005013989002709895
Vijayakumar (alias) Vijay Vasanth,INC,0.0026184897421972675,0.0010700549267121553
Vinayak Bhaurao Raut,Shiv Sena,4.4808459099552223e-4,0.00239471838333347
Vincent H Pala,INC,-0.0012662835270200736,0.0033968277781719967
Vinod Chavda,BJP,0.002273200912967762,0.008293565980801488
Vinod Kumar Sonkar,BJP,-0.0014811387104617984,0.0019863806248140766
Vishnu Dayal Ram,BJP,0.0019442739176713626,0.002909963625290635
Vishnu Dutt Sharma,BJP,-0.0010386523320111436,0.00919312121556199
Vivek Narayan Shejwalkar,BJP,0.002154960686469149,0.00211255813718348
Y. S. AVINASH REDDY,YSRCP,6.395522725878894e-4,0.008455579434299053
Y. S. Avinash Reddy,YSRCP,0.0021933077086475072,0.0059148552515840514
YOGI ADITYANATH,BJP,0.002426766133903178,0.0017903201151959335
